{"cameraMode":{"drawMode":0,"name":"Shaded","section":"Shading Mode"},"sceneLighting":true,"audioPlay":false,"sceneViewState":{"m_AlwaysRefresh":false,"showFog":true,"showSkybox":true,"showFlares":true,"showImageEffects":true,"showParticleSystems":true,"showVisualEffectGraphs":true,"m_FxEnabled":true},"in2DMode":false,"pivot":{"x":-2.0696194171905519,"y":-11.697894096374512,"z":13.42477798461914},"rotation":{"x":0.3196224868297577,"y":-0.051427680999040607,"z":0.017431920394301416,"w":0.9460535645484924},"size":12.761281967163086,"orthographic":false}